"id","name","rtsp_link","hls_link","status","last_data_received","created_at","updated_at","region_id"
"01178b97-aa01-457f-bf57-97c1c9e13723","CH25","rtsp://admin:admin@123@172.17.41.201:80/rtsp/streaming?channel=25&subtype=0","",True,NULL,"2025-07-31 17:08:47.393155+05:30","2025-07-31 17:08:47.393176+05:30",4
"06657443-6a42-4ca4-b042-e3d665e7b864","CH9","rtsp://admin:admin@123@172.17.41.201:80/rtsp/streaming?channel=9&subtype=0","",True,NULL,"2025-07-31 17:08:47.301065+05:30","2025-07-31 17:08:47.301083+05:30",2
"0cbd9d0e-faa4-4e25-bbea-1aedd65875ee","CH27","rtsp://admin:admin@123@172.17.41.201:80/rtsp/streaming?channel=27&subtype=0","",True,NULL,"2025-07-31 17:08:47.402679+05:30","2025-07-31 17:08:47.402689+05:30",4
"12f444e5-058a-4946-88e1-0538e0a94916","CH13","rtsp://admin:admin@123@172.17.41.201:80/rtsp/streaming?channel=13&subtype=0","",True,NULL,"2025-07-31 17:08:47.330531+05:30","2025-07-31 17:08:47.33056+05:30",2
"13b6a834-d951-4291-b170-d700046b2250","CH3","rtsp://admin:admin@123@172.17.41.201:80/rtsp/streaming?channel=3&subtype=0","",True,NULL,"2025-07-31 17:08:47.268366+05:30","2025-07-31 17:08:47.268399+05:30",1
"176f870c-f4ae-436f-8106-1136d23dded3","CH17","rtsp://admin:admin@123@172.17.41.201:80/rtsp/streaming?channel=17&subtype=0","",True,NULL,"2025-07-31 17:08:47.352599+05:30","2025-07-31 17:08:47.352617+05:30",3
"4089cbe8-f114-4681-a45c-281dcaaf3219","CH28","rtsp://admin:admin@123@172.17.41.201:80/rtsp/streaming?channel=28&subtype=0","",True,NULL,"2025-07-31 17:08:47.408765+05:30","2025-07-31 17:08:47.408795+05:30",4
"40f1dc15-c744-48c0-b032-166cf63c3ce8","CH31","rtsp://admin:admin@123@172.17.41.201:80/rtsp/streaming?channel=31&subtype=0","",True,NULL,"2025-07-31 17:08:47.4331+05:30","2025-07-31 17:08:47.433121+05:30",4
"4f6bbb8b-0da5-47b0-8562-210b19e24da8","CH19","rtsp://admin:admin@123@172.17.41.201:80/rtsp/streaming?channel=19&subtype=0","",True,NULL,"2025-07-31 17:08:47.362631+05:30","2025-07-31 17:08:47.362652+05:30",3
"556128fe-bb27-4091-b6f2-a6d9214da3fc","CH14","rtsp://admin:admin@123@172.17.41.201:80/rtsp/streaming?channel=14&subtype=0","",True,NULL,"2025-07-31 17:08:47.337521+05:30","2025-07-31 17:08:47.337541+05:30",2
"64db51f4-6429-4452-a047-54932a4cb725","CH15","rtsp://admin:admin@123@172.17.41.201:80/rtsp/streaming?channel=15&subtype=0","",True,"2025-07-31 17:09:10.471291+05:30","2025-07-31 17:08:47.342571+05:30","2025-07-31 17:08:47.342589+05:30",2
"6868588e-9072-4df3-9686-f247f99f97d2","CH21","rtsp://admin:admin@123@172.17.41.201:80/rtsp/streaming?channel=21&subtype=0","",True,NULL,"2025-07-31 17:08:47.371909+05:30","2025-07-31 17:08:47.371927+05:30",3
"6991d826-da4d-4547-bed0-5aa28779c378","CH8","rtsp://admin:admin@123@172.17.41.201:80/rtsp/streaming?channel=8&subtype=0","",True,NULL,"2025-07-31 17:08:47.2963+05:30","2025-07-31 17:08:47.296321+05:30",1
"6d483598-2f58-4784-aafb-4d386c00cf34","CH23","rtsp://admin:admin@123@172.17.41.201:80/rtsp/streaming?channel=23&subtype=0","",True,NULL,"2025-07-31 17:08:47.381465+05:30","2025-07-31 17:08:47.381483+05:30",3
"6e07f1d2-eff2-435d-a847-ac2b4eb36a2f","CH11","rtsp://admin:admin@123@172.17.41.201:80/rtsp/streaming?channel=11&subtype=0","",True,NULL,"2025-07-31 17:08:47.314421+05:30","2025-07-31 17:08:47.314449+05:30",2
"7bb89e97-91f1-479b-bbda-ca74b0bbcced","CH1","rtsp://admin:admin@123@172.17.41.201:80/rtsp/streaming?channel=1&subtype=0","",True,NULL,"2025-07-31 17:08:47.256033+05:30","2025-07-31 17:08:47.256044+05:30",1
"9454ba12-1cf2-4aea-994a-36da8b4aaeab","CH20","rtsp://admin:admin@123@172.17.41.201:80/rtsp/streaming?channel=20&subtype=0","",True,NULL,"2025-07-31 17:08:47.367474+05:30","2025-07-31 17:08:47.367492+05:30",3
"98b16d80-b828-44ab-97bf-60b07324120d","CH16","rtsp://admin:admin@123@172.17.41.201:80/rtsp/streaming?channel=16&subtype=0","",True,"2025-07-31 17:09:43.24247+05:30","2025-07-31 17:08:47.34778+05:30","2025-07-31 17:08:47.3478+05:30",2
"9d01ab33-5c28-4fef-b2cc-43ebb848ad85","CH18","rtsp://admin:admin@123@172.17.41.201:80/rtsp/streaming?channel=18&subtype=0","",True,NULL,"2025-07-31 17:08:47.357575+05:30","2025-07-31 17:08:47.357593+05:30",3
"9d497008-de51-4be2-947f-332b4eb9063e","CH4","rtsp://admin:admin@123@172.17.41.201:80/rtsp/streaming?channel=4&subtype=0","",True,NULL,"2025-07-31 17:08:47.276237+05:30","2025-07-31 17:08:47.276258+05:30",1
"a5b3b6d1-2277-46c9-b382-224ce8238a97","CH29","rtsp://admin:admin@123@172.17.41.201:80/rtsp/streaming?channel=29&subtype=0","",True,NULL,"2025-07-31 17:08:47.417122+05:30","2025-07-31 17:08:47.417153+05:30",4
"acf05e8d-1c7a-4f78-bbf4-d6ff2d388e35","CH6","rtsp://admin:admin@123@172.17.41.201:80/rtsp/streaming?channel=6&subtype=0","",True,"2025-07-31 17:09:11.127822+05:30","2025-07-31 17:08:47.286176+05:30","2025-07-31 17:08:47.286195+05:30",1
"b8f91c23-55b1-411d-b8d2-36866a2b4d7c","CH24","rtsp://admin:admin@123@172.17.41.201:80/rtsp/streaming?channel=24&subtype=0","",True,NULL,"2025-07-31 17:08:47.386406+05:30","2025-07-31 17:08:47.386429+05:30",3
"b961a7ba-2794-4208-a5fd-39c9d9547094","CH32","rtsp://admin:admin@123@172.17.41.201:80/rtsp/streaming?channel=32&subtype=0","",True,NULL,"2025-07-31 17:08:47.438806+05:30","2025-07-31 17:08:47.438825+05:30",4
"bcba300d-90b5-4db0-b275-fc9bdb767107","CH7","rtsp://admin:admin@123@172.17.41.201:80/rtsp/streaming?channel=7&subtype=0","",True,NULL,"2025-07-31 17:08:47.290788+05:30","2025-07-31 17:08:47.290807+05:30",1
"c019c65c-5948-4cca-85a0-f86b591c4310","CH26","rtsp://admin:admin@123@172.17.41.201:80/rtsp/streaming?channel=26&subtype=0","",True,"2025-07-31 17:10:10.653651+05:30","2025-07-31 17:08:47.398894+05:30","2025-07-31 17:08:47.398912+05:30",4
"c4684193-b463-4bc1-88bc-5712c33a8782","CH10","rtsp://admin:admin@123@172.17.41.201:80/rtsp/streaming?channel=10&subtype=0","",True,NULL,"2025-07-31 17:08:47.306309+05:30","2025-07-31 17:08:47.306339+05:30",2
"df578bc7-bbbb-4e5c-b2e0-42111ee44293","CH12","rtsp://admin:admin@123@172.17.41.201:80/rtsp/streaming?channel=12&subtype=0","",True,NULL,"2025-07-31 17:08:47.322365+05:30","2025-07-31 17:08:47.322383+05:30",2
"ee808db3-4b84-4113-ad4e-2b8efecaeab7","CH30","rtsp://admin:admin@123@172.17.41.201:80/rtsp/streaming?channel=30&subtype=0","",True,NULL,"2025-07-31 17:08:47.426114+05:30","2025-07-31 17:08:47.426145+05:30",4
"f07cc743-5b61-4543-af16-a8ad49bd7e66","CH5","rtsp://admin:admin@123@172.17.41.201:80/rtsp/streaming?channel=5&subtype=0","",True,"2025-07-31 17:09:31.020208+05:30","2025-07-31 17:08:47.281437+05:30","2025-07-31 17:08:47.281455+05:30",1
"f1c533a3-b87b-4fe6-95c1-4b7a580b2d18","CH22","rtsp://admin:admin@123@172.17.41.201:80/rtsp/streaming?channel=22&subtype=0","",True,NULL,"2025-07-31 17:08:47.376389+05:30","2025-07-31 17:08:47.376406+05:30",3
"fe3c0fa9-1feb-451f-959d-08d380da21b1","CH2","rtsp://admin:admin@123@172.17.41.201:80/rtsp/streaming?channel=2&subtype=0","",True,NULL,"2025-07-31 17:08:47.261358+05:30","2025-07-31 17:08:47.26138+05:30",1
